Workbook

Sheet ChatGPT Growth Rates
A1: Year | B1: Half | C1: WAU_Millions | D1: HoH_Growth_% | E1: YoY_Growth_% | F1: Total_Population_in_Billions | G1: %_of_Population_using_chatgpt | H1: Comments | I1: Source | J1: Citation_Link
A2: 2022 | B2: H2 | F2: {=IFERROR(XLOOKUP(A2,Population!A:A,Population!B:B),"")} -> 7.99 | G2: =IFERROR(C2/(F2*1000),"") -> 0 | H2: Launch (no data) | I2: OpenAI Blog – Introducing ChatGPT (Nov 30 2022) | J2: https://openai.com/blog/chatgpt — Official release announcement; no user metrics published.
A3: 2023 | B3: H1 | C3: 70 | D3: =IFERROR((C3-C2)/C2,"") | F3: {=IFERROR(XLOOKUP(A3,Population!A:A,Population!B:B),"")} -> 8.06 | G3: =IFERROR(C3/(F3*1000),"") -> 0.0086848635 | H3: Initial adoption surge post-launch
A4: 2023 | B4: H2 | C4: 100 | D4: =IFERROR((C4-C3)/C3,"") -> 0.42857143 | E4: =IFERROR((C4-C2)/C2,"") | F4: {=IFERROR(XLOOKUP(A4,Population!A:A,Population!B:B),"")} -> 8.06 | G4: =IFERROR(C4/(F4*1000),"") -> 0.012406948 | H4: 100M WAU milestone (DevDay) | I4: Reuters – OpenAI CEO Altman says ChatGPT has 100M WAU (Nov 6 2023) | J4: https://www.reuters.com/technology/openai-ceo-sam-altman-says-chatgpt-has-100-million-weekly-active-users-2023-11-06/
A5: 2024 | B5: H1 | C5: 200 | D5: =IFERROR((C5-C4)/C4,"") -> 1 | E5: =IFERROR((C5-C3)/C3,"") -> 1.8571429 | F5: {=IFERROR(XLOOKUP(A5,Population!A:A,Population!B:B),"")} -> 8.14 | G5: =IFERROR(C5/(F5*1000),"") -> 0.024570025 | H5: Doubled users (Reuters Aug 2024) | I5: Reuters – ChatGPT’s weekly users reach 200M (Aug 29 2024) | J5: https://www.reuters.com/technology/artificial-intelligence/openai-says-chatgpts-weekly-users-have-grown-200-million-2024-08-29/
A6: 2024 | B6: H2 | C6: 300 | D6: =IFERROR((C6-C5)/C5,"") -> 0.5 | E6: =IFERROR((C6-C4)/C4,"") -> 2 | F6: {=IFERROR(XLOOKUP(A6,Population!A:A,Population!B:B),"")} -> 8.14 | G6: =IFERROR(C6/(F6*1000),"") -> 0.036855037 | H6: Continued growth (DealBook Dec 2024) | I6: The Verge – ChatGPT now has 300M weekly users (Dec 4 2024) | J6: https://www.theverge.com/2024/12/4/24313097/chatgpt-300-million-weekly-users
A7: 2025 | B7: H1 | C7: 400 | D7: =IFERROR((C7-C6)/C6,"") -> 0.33333333 | E7: =IFERROR((C7-C5)/C5,"") -> 1 | F7: {=IFERROR(XLOOKUP(A7,Population!A:A,Population!B:B),"")} -> 8.21 | G7: =IFERROR(C7/(F7*1000),"") -> 0.048721072 | H7: 400M milestone (Reuters Feb 2025) | I7: Reuters – OpenAI’s weekly active users surpass 400M (Feb 20 2025) | J7: https://www.reuters.com/technology/artificial-intelligence/openais-weekly-active-users-surpass-400-million-2025-02-20/
A8: 2025 | B8: H2 | C8: 750 | D8: =IFERROR((C8-C7)/C7,"") -> 0.875 | E8: =IFERROR((C8-C6)/C6,"") -> 1.5 | F8: {=IFERROR(XLOOKUP(A8,Population!A:A,Population!B:B),"")} -> 8.21 | G8: =IFERROR(C8/(F8*1000),"") -> 0.09135201 | H8: 700–800M WAU range (TechCrunch Jul–Oct 2025) | I8: OpenAI Economic Research + TechCrunch – 700–800M WAU (Jul–Oct 2025) | J8: https://cdn.openai.com/pdf/a253471f-8260-40c6-a2cc-aa93fe9f142e/economic-research-chatgpt-usage-paper.pdf; https://techcrunch.com/2025/10/06/sam-altman-says-chatgpt-has-hit-800m-weekly-active-users

Sheet Mental health
A1: Year | B1: Total_In_Million | C1: Total_In_Billion
A2: 2012 | B2: 656 | C2: 0.66
A3: 2013 | B3: 666 | C3: 0.67
A4: 2014 | B4: 679 | C4: 0.68
A5: 2015 | B5: 689 | C5: 0.69
A6: 2016 | B6: 701 | C6: 0.7
A7: 2017 | B7: 711 | C7: 0.71
A8: 2018 | B8: 723 | C8: 0.72
A9: 2019 | B9: 744 | C9: 0.74
A10: 2020 | B10: 785 | C10: 0.79
A11: 2021 | B11: 808 | C11: 0.81
A12: 2022 | B12: 900 | C12: 0.9
A13: 2023 | B13: 932 | C13: 0.932
A14: 2024 | B14: 970 | C14: 0.97

Sheet Population
A1: Year | B1: Population_In_Billion
A2: 2012 | B2: 7.18
A3: 2013 | B3: 7.27
A4: 2014 | B4: 7.35
A5: 2015 | B5: 7.44
A6: 2016 | B6: 7.53
A7: 2017 | B7: 7.61
A8: 2018 | B8: 7.7
A9: 2019 | B9: 7.78
A10: 2020 | B10: 7.86
A11: 2021 | B11: 7.92
A12: 2022 | B12: 7.99
A13: 2023 | B13: 8.06
... A15: 2025 | B15: 8.21

Sheet Social Media
A1: Year | B1: Number_of_Social_media_users_in_Billions
A2: 2009 | B2: 0.97
A3: 2010 | B3: 1.22
A4: 2011 | B4: 1.48
A5: 2012 | B5: 1.73
A6: 2013 | B6: 1.86
A7: 2014 | B7: 2.05
A8: 2015 | B8: 2.28
A9: 2016 | B9: 2.5
A10: 2017 | B10: 2.73
A11: 2018 | B11: 3.1
A12: 2019 | B12: 3.51
A13: 2020 | B13: 3.91
... A17: 2024 | B17: 5.17

Sheet Cognitive Ability Index
A1: Year | B1: Cognitive Index (2012 = 100) | C1: Annual Change (%)
A2: 2012 | B2: 100 | C2: —
A3: 2013 | B3: 99.8 | C3: −0.2%
A4: 2014 | B4: 99.6 | C4: −0.2%
A5: 2015 | B5: 99.3 | C5: −0.3%
A6: 2016 | B6: 99.1 | C6: −0.2%
A7: 2017 | B7: 98.9 | C7: −0.2%
A8: 2018 | B8: 98.6 | C8: −0.3%
A9: 2019 | B9: 98.4 | C9: −0.2%
A10: 2020 | B10: 98 | C10: −0.4%
A11: 2021 | B11: 97.7 | C11: −0.3%
A12: 2022 | B12: 97.2 | C12: −0.5%
A13: 2023 | B13: 96.6 | C13: −0.6%
A14: 2024 | B14: 96.1 | C14: −0.5%

Sheet AI Capability in completing lon
A1: Month | B1: P50_Hours_Max | C1: P80_Hours_Max | D1: AverageScore_Mean | E1: Log_P50 | F1: Log_P80
A2: 2019-02 | B2: 0.039744 | C2: 0.005646 | D2: 0.101046 | E2: -1.4007284 | F2: -2.2482591
A3: 2020-05 | B3: 0.148821 | C3: 0.034119 | D3: 0.161869 | E3: -0.82733578 | F3: -1.4670037
A4: 2022-03 | B4: 0.604384 | C4: 0.173085 | D4: 0.214611 | E4: -0.21868704 | F4: -0.76174057
A5: 2023-03 | B5: 5.364045 | C5: 0.965175 | D5: 0.361067 | E5: 0.72949241 | F5: -0.015393936
A6: 2023-11 | B6: 8.557433 | C6: 1.453006 | D6: 0.404329 | E6: 0.93234351 | F6: 0.16226741
A7: 2024-01 | B7: 5.366063 | C7: 1.197496 | D7: 0.351726 | E7: 0.72965577 | F7: 0.078274071
A8: 2024-03 | B8: 6.422825 | C8: 1.125572 | D8: 0.377459 | E8: 0.80772609 | F8: 0.051373281
A9: 2024-04 | B9: 6.567339 | C9: 1.523202 | D9: 0.367357 | E9: 0.81738943 | F9: 0.1827575
A10: 2024-05 | B10: 9.17045 | C10: 1.689572 | D10: 0.407636 | E10: 0.96239065 | F10: 0.2277767
A11: 2024-06 | B11: 18.216831 | C11: 3.19928 | D11: 0.387898 | E11: 1.2604728 | F11: 0.50505225
A12: 2024-09 | B12: 22.095267 | C12: 4.61942 | D12: 0.425363 | E12: 1.3442993 | F12: 0.66458745
A13: 2024-10 | B13: 28.983512 | C13: 4.640773 | D13: 0.52701 | E13: 1.462151 | F13: 0.66659033
... A23: 2025-09 | B23: 113.30376 | C23: 20.151826 | D23: 0.673842 | E23: 2.0542443 | F23: 1.3043144

Sheet SCREEN_TIME_USAGE_HOURS
A1: Year | B1: Social Media Hours Per Day (Teens) | C1: Total Screen Time Hours Per Day (Teens)
A2: 2009 | B2: ~0.5-1.0 | C2: ~4.5-5
A3: 2011 | B3: ~1.0-1.5 | C3: ~5.0-5.5
A4: 2013 | B4: ~1.5-2.0 | C4: ~6.0-6.5
A5: 2015 | B5: ~2.0-2.5 | C5: ~6 hours 40 minutes
A6: 2017 | B6: ~2.5-3.0 | C6: ~7 hours
A7: 2019 | B7: ~3.0-3.5 | C7: ~7 hours 22 minutes
A8: 2021 | B8: ~3.5-4.0 | C8: ~8 hours 39 minutes
A9: 2023 | B9: ~4.0-4.8 | C9: ~7 hours (recovery)

Sheet AI Incidents
A1: Year | B1: Discrimination & Fairness | C1: Privacy & Security | D1: Misinformation | E1: Malicious Actor Use | F1: Human–Computer Interaction | G1: Socio-Economic Impact | H1: AI System Safety | I1: Total
A2: 2016 | B2: 2 | C2: 2 | D2: 3 | E2: 3 | F2: 1 | G2: 1 | H2: 5 | I2: 17
A3: 2017 | B3: 3 | C3: 3 | D3: 4 | E3: 4 | F3: 2 | G3: 2 | H3: 8 | I3: 26
A4: 2018 | B4: 5 | C4: 4 | D4: 5 | E4: 5 | F4: 3 | G4: 3 | H4: 12 | I4: 37
A5: 2019 | B5: 6 | C5: 5 | D5: 6 | E5: 6 | F5: 4 | G5: 4 | H5: 17 | I5: 48
A6: 2020 | B6: 7 | C6: 6 | D6: 8 | E6: 7 | F6: 5 | G6: 5 | H6: 23 | I6: 61
A7: 2021 | B7: 14 | C7: 10 | D7: 15 | E7: 13 | F7: 8 | G7: 7 | H7: 44 | I7: 111
A8: 2022 | B8: 19 | C8: 14 | D8: 22 | E8: 25 | F8: 12 | G8: 9 | H8: 59 | I8: 160
A9: 2023 | B9: 27 | C9: 21 | D9: 33 | E9: 42 | F9: 17 | G9: 14 | H9: 68 | I9: 222
A10: 2024 | B10: 34 | C10: 26 | D10: 46 | E10: 65 | F10: 23 | G10: 19 | H10: 86 | I10: 299
A11: 2025 | B11: 39 | C11: 31 | D11: 54 | E11: 88 | F11: 28 | G11: 24 | H11: 90 | I11: 354
