Workbook

Sheet ChatGPT Growth Rates
A1: Year | B1: Half | C1: WAU_Millions | D1: HoH_Growth_% | E1: YoY_Growth_% | F1: Total_Population_in_Billions | G1: %_of_Population_using_chatgpt | H1: Comments | I1: Source | J1: Citation_Link
A2: 2022 | B2: H2 | F2: {=IFERROR(XLOOKUP(A2,Population!A:A,Population!B:B),"")} -> 7.99 | G2: =IFERROR(C2/(F2*1000),"") -> 0 | H2: Launch (no data) | I2: OpenAI Blog – Introducing ChatGPT (Nov 30 2022) | J2: https://openai.com/blog/chatgpt — Official release announcement; no user metrics published.
A3: 2023 | B3: H1 | C3: 70 | D3: =IFERROR((C3-C2)/C2,"") | F3: {=IFERROR(XLOOKUP(A3,Population!A:A,Population!B:B),"")} -> 8.06 | G3: =IFERROR(C3/(F3*1000),"") -> 0.0086848635 | H3: Initial adoption surge post-launch
A4: 2023 | B4: H2 | C4: 100 | D4: =IFERROR((C4-C3)/C3,"") -> 0.42857143 | E4: =IFERROR((C4-C2)/C2,"") | F4: {=IFERROR(XLOOKUP(A4,Population!A:A,Population!B:B),"")} -> 8.06 | G4: =IFERROR(C4/(F4*1000),"") -> 0.012406948 | H4: 100M WAU milestone (DevDay) | I4: Reuters – OpenAI CEO Altman says ChatGPT has 100M WAU (Nov 6 2023) | J4: https://www.reuters.com/technology/openai-ceo-sam-altman-says-chatgpt-has-100-million-weekly-active-users-2023-11-06/
A5: 2024 | B5: H1 | C5: 200 | D5: =IFERROR((C5-C4)/C4,"") -> 1 | E5: =IFERROR((C5-C3)/C3,"") -> 1.8571429 | F5: {=IFERROR(XLOOKUP(A5,Population!A:A,Population!B:B),"")} -> 8.14 | G5: =IFERROR(C5/(F5*1000),"") -> 0.024570025 | H5: Doubled users (Reuters Aug 2024) | I5: Reuters – ChatGPT’s weekly users reach 200M (Aug 29 2024) | J5: https://www.reuters.com/technology/artificial-intelligence/openai-says-chatgpts-weekly-users-have-grown-200-million-2024-08-29/
A6: 2024 | B6: H2 | C6: 300 | D6: =IFERROR((C6-C5)/C5,"") -> 0.5 | E6: =IFERROR((C6-C4)/C4,"") -> 2 | F6: {=IFERROR(XLOOKUP(A6,Population!A:A,Population!B:B),"")} -> 8.14 | G6: =IFERROR(C6/(F6*1000),"") -> 0.036855037 | H6: Continued growth (DealBook Dec 2024) | I6: The Verge – ChatGPT now has 300M weekly users (Dec 4 2024) | J6: https://www.theverge.com/2024/12/4/24313097/chatgpt-300-million-weekly-users
A7: 2025 | B7: H1 | C7: 400 | D7: =IFERROR((C7-C6)/C6,"") -> 0.33333333 | E7: =IFERROR((C7-C5)/C5,"") -> 1 | F7: {=IFERROR(XLOOKUP(A7,Population!A:A,Population!B:B),"")} -> 8.21 | G7: =IFERROR(C7/(F7*1000),"") -> 0.048721072 | H7: 400M milestone (Reuters Feb 2025) | I7: Reuters – OpenAI’s weekly active users surpass 400M (Feb 20 2025) | J7: https://www.reuters.com/technology/artificial-intelligence/openais-weekly-active-users-surpass-400-million-2025-02-20/
A8: 2025 | B8: H2 | C8: 750 | D8: =IFERROR((C8-C7)/C7,"") -> 0.875 | E8: =IFERROR((C8-C6)/C6,"") -> 1.5 | F8: {=IFERROR(XLOOKUP(A8,Population!A:A,Population!B:B),"")} -> 8.21 | G8: =IFERROR(C8/(F8*1000),"") -> 0.09135201 | H8: 700–800M WAU range (TechCrunch Jul–Oct 2025) | I8: OpenAI Economic Research + TechCrunch – 700–800M WAU (Jul–Oct 2025) | J8: https://cdn.openai.com/pdf/a253471f-8260-40c6-a2cc-aa93fe9f142e/economic-research-chatgpt-usage-paper.pdf; https://techcrunch.com/2025/10/06/sam-altman-says-chatgpt-has-hit-800m-weekly-active-users

Sheet Mental health
A2: Year | B2: Total (M) | C2: Total (B) | D2: Source | F2: Anxiety (M) | G2: Depression (M) | H2: Bipolar (M) | I2: Schizophrenia (M) | J2: Eating (M)
A3: 2012 | B3: 656 | C3: 0.66 | D3: https://ourworldindata.org/grapher/mental-illness-estimated-cases?tab=line&time=earliest..2021&tableFilter=continents | F3: 320 | G3: 250 | H3: 49 | I3: 24 | J3: 13
A4: 2013 | B4: 666 | C4: 0.67 | F4: 325 | G4: 255 | H4: 49 | I4: 24 | J4: 13
A5: 2014 | B5: 679 | C5: 0.68 | F5: 330 | G5: 260 | H5: 50 | I5: 25 | J5: 14
A6: 2015 | B6: 689 | C6: 0.69 | F6: 335 | G6: 265 | H6: 50 | I6: 25 | J6: 14
A7: 2016 | B7: 701 | C7: 0.7 | F7: 340 | G7: 270 | H7: 51 | I7: 25 | J7: 15
A8: 2017 | B8: 711 | C8: 0.71 | F8: 345 | G8: 275 | H8: 51 | I8: 25 | J8: 15
A9: 2018 | B9: 723 | C9: 0.72 | F9: 350 | G9: 280 | H9: 52 | I9: 26 | J9: 15
A10: 2019 | B10: 744 | C10: 0.74 | F10: 360 | G10: 290 | H10: 52 | I10: 26 | J10: 16
A11: 2020 | B11: 785 | C11: 0.79 | F11: 370 | G11: 320 | H11: 53 | I11: 26 | J11: 16
A12: 2021 | B12: 808 | C12: 0.81 | F12: 380 | G12: 330 | H12: 54 | I12: 27 | J12: 17
A13: 2022 | B13: 900 | C13: 0.9 | D13: https://www.who.int/news-room/fact-sheets/detail/mental-disorders
A14: 2023 | B14: 932 | C14: 0.932
A15: 2024 | B15: 970 | C15: 0.97

Sheet Population
A1: Year | B1: Population_Billions | C1: Source
A2: 2012 | B2: 7.18 | C2: https://data.worldbank.org/indicator/SP.POP.TOTL?end=2024&start=1998&view=chart
A3: 2013 | B3: 7.27
A4: 2014 | B4: 7.35
A5: 2015 | B5: 7.44
A6: 2016 | B6: 7.53
A7: 2017 | B7: 7.61
A8: 2018 | B8: 7.7
A9: 2019 | B9: 7.78
A10: 2020 | B10: 7.86
A11: 2021 | B11: 7.92
A12: 2022 | B12: 7.99
A13: 2023 | B13: 8.06
A14: 2024 | B14: 8.14
A15: 2025 | B15: 8.21 | C15: UN WPP 2024 | D15: World Population Prospects 2024 (UN DESA / Population Division) – https://population.un.org/wpp/ population.un.org+2un.org+2

Sheet Social Media
A1: Year | B1: Number of Social media users in Billions
A2: 2009 | B2: 0.97 | C2: Our World in Data (Statista & TNW, 2019) https://ourworldindata.org/rise-of-social-media
A3: 2010 | B3: 1.22
A4: 2011 | B4: 1.48
A5: 2012 | B5: 1.73
A6: 2013 | B6: 1.86
A7: 2014 | B7: 2.05
A8: 2015 | B8: 2.28
A9: 2016 | B9: 2.5
A10: 2017 | B10: 2.73 | C10: https://www.statista.com/topics/1164/social-networks/
A11: 2018 | B11: 3.1
A12: 2019 | B12: 3.51
A13: 2020 | B13: 3.91
A14: 2021 | B14: 4.26
A15: 2022 | B15: 4.59
A16: 2023 | B16: 4.9
A17: 2024 | B17: 5.17

Sheet Cognitive Ability Index
A1: Year | B1: Cognitive Index (2012 = 100) | C1: Annual Change (%) | D1: Comments as per the supporting papers
A2: 2012 | B2: 100 | C2: — | D2: Baseline—late Flynn-effect plateau. PISA 2012 anchors the high-water mark. (OECD)
A3: 2013 | B3: 99.8 | C3: −0.2% | D3: Early flattening in large-scale assessments (NAEP/PISA trend briefs). (nces.ed.gov)
A4: 2014 | B4: 99.6 | C4: −0.2% | D4: Continued stagnation in literacy/numeracy in multiple systems. (nces.ed.gov)
A5: 2015 | B5: 99.3 | C5: −0.3% | D5: PISA-2015: widespread drops—especially math (foundation for a downshift). (OECD)
A6: 2016 | B6: 99.1 | C6: −0.2% | D6: Norway conscription IQ shows Flynn-effect reversal (environmental, not genetic). (pnas.org)
A7: 2017 | B7: 98.9 | C7: −0.2% | D7: NAEP signals early softening pre-COVID. (nces.ed.gov)
A8: 2018 | B8: 98.6 | C8: −0.3% | D8: PISA-2018: global declines vs 2015 (math & reading). (OECD)
A9: 2019 | B9: 98.4 | C9: −0.2% | D9: Meta-reviews document reversals in high-income cohorts. (journals.sagepub.com)
A10: 2020 | B10: 98 | C10: −0.4% | D10: Pandemic learning loss begins to bite (global evidence across systems). (nces.ed.gov)
A11: 2021 | B11: 97.7 | C11: −0.3% | D11: Continued erosion in mid-/late-adolescent cohorts; recovery not yet evident. (nces.ed.gov)
A12: 2022 | B12: 97.2 | C12: −0.5% | D12: PISA-2022: OECD average math −~15 pts, reading −~10 pts vs 2018 (≈ three-quarters of a school year). (OECD)
A13: 2023 | B13: 96.6 | C13: −0.6% | D13: NAEP LTT (age 13): math −9, reading −4 vs 2019–20; confirms continued post-2022 slide. (nationsreportcard.gov) adult reverse-Flynn-effect confirmed in Dworak et al. 2023 (Intelligence, Vol 98, 101734, ScienceDirect) showing −0.021 to −0.034 SD per year decline in fluid reasoning 2006–2018. Decline attributed to environmental factors, reduced analytical engagement, and digital cognitive offloading. ( https://www.sciencedirect.com/science/article/pii/S0160289623000156 )
A14: 2024 | B14: 96.1 | C14: −0.5% | D14: NAEP 2024 grade 12: math −3 vs 2019 (still below pre-COVID); OECD monitoring shows losses persist. (nationsreportcard.gov)
B16: 2022 to 2025 is where we find AI usage booming with ChatGPT and co-relates with the cognitive index
D20: Methodology Note: Baseline Year (2012 = 100) The cognitive ability index uses 2012 as the baseline year (Index = 100). This choice is supported by multiple empirical datasets and aligns with three major inflection points in global cognitive trends. 1. Empirical peak in global test performance OECD PISA 2012 recorded the highest international averages in mathematics and reading before consistent declines in subsequent cycles (2015, 2018, 2022). Similarly, NAEP 2012 showed stable or peak results in U.S. reading and mathematics before decade-long erosion in scores. (Sources: OECD PISA 2012 Results ; NCES NAEP 2012 Reports ). 2. First cohort reversal in the Flynn effect Bratsberg & Rogeberg (2018, PNAS) documented the first clear reversal in national IQ trends, beginning with birth cohorts tested around 2010–2012. This identifies 2012 as the earliest period where cognitive performance began trending downward across industrialized populations. (Source: PNAS 2018 ). 3. Transition to large-scale digital cognition By 2012, global smartphone adoption exceeded 30 percent, and social media reached more than one billion users. This period marked the beginning of widespread cognitive offloading—transferring reasoning, memory, and attention tasks to digital systems. Reviews link this shift to gradual reductions in sustained attention and analytical reasoning in the following decade. (Source: Frontiers in Psychology 2024 Review ). Summary 2012 represents the last confirmed global high point in reasoning and literacy, the onset of measurable cohort-level IQ reversals, and the start of large-scale digital cognitive reliance. Setting the index baseline at 2012 ensures consistency across datasets and accurately reflects the transition from peak cognitive performance into the modern decline phase.

Sheet AI Capability in completing lon
A1: AI Capability (METR Horizon-v1) | E1: https://metr.org/blog/2025-03-19-measuring-ai-ability-to-complete-long-tasks/
A3: Raw Data
A4: Model | B4: ReleaseDate | C4: Month | D4: P50_Hours | E4: P80_Hours | F4: AverageScore | G4: Is_SOTA
A5: gpt2 | B5: 43510 | C5: =TEXT(B5,"yyyy-mm") -> 2019-02 | D5: 0.039744 | E5: 0.005646 | F5: 0.101046 | G5: TRUE
A6: davinci_002 | B6: 43979 | C6: =TEXT(B6,"yyyy-mm") -> 2020-05 | D6: 0.148821 | E6: 0.034119 | F6: 0.161869 | G6: TRUE
A7: gpt_3_5_turbo_instruct | B7: 44635 | C7: =TEXT(B7,"yyyy-mm") -> 2022-03 | D7: 0.604384 | E7: 0.173085 | F7: 0.214611 | G7: TRUE
A8: gpt_4 | B8: 44999 | C8: =TEXT(B8,"yyyy-mm") -> 2023-03 | D8: 5.364045 | E8: 0.965175 | F8: 0.361067 | G8: TRUE
A9: gpt_4_1106 | B9: 45236 | C9: =TEXT(B9,"yyyy-mm") -> 2023-11 | D9: 8.557433 | E9: 1.453006 | F9: 0.404329 | G9: TRUE
A10: gpt_4_0125 | B10: 45316 | C10: =TEXT(B10,"yyyy-mm") -> 2024-01 | D10: 5.366063 | E10: 1.197496 | F10: 0.351726 | G10: FALSE
A11: claude_3_opus | B11: 45355 | C11: =TEXT(B11,"yyyy-mm") -> 2024-03 | D11: 6.422825 | E11: 1.125572 | F11: 0.377459 | G11: FALSE
A12: gpt_4_turbo | B12: 45391 | C12: =TEXT(B12,"yyyy-mm") -> 2024-04 | D12: 6.567339 | E12: 1.523202 | F12: 0.367357 | G12: FALSE
A13: gpt_4o | B13: 45425 | C13: =TEXT(B13,"yyyy-mm") -> 2024-05 | D13: 9.17045 | E13: 1.689572 | F13: 0.407636 | G13: TRUE
A14: qwen_2_72b | B14: 45450 | C14: =TEXT(B14,"yyyy-mm") -> 2024-06 | D14: 2.24432 | E14: 0.424603 | F14: 0.298999 | G14: FALSE
A15: claude_3_5_sonnet | B15: 45463 | C15: =TEXT(B15,"yyyy-mm") -> 2024-06 | D15: 18.216831 | E15: 3.19928 | F15: 0.476797 | G15: TRUE
A16: o1_preview | B16: 45547 | C16: =TEXT(B16,"yyyy-mm") -> 2024-09 | D16: 22.095267 | E16: 4.61942 | F16: 0.492955 | G16: TRUE
... A34: claude_sonnet_4_5 | B34: 45929 | C34: =TEXT(B34,"yyyy-mm") -> 2025-09 | D34: 113.30376 | E34: 20.151826 | F34: 0.673842 | G34: FALSE
A36: Monthly Trend (calculated from Raw Data)
A37: Month | B37: P50_Hours_Max | C37: P80_Hours_Max | D37: AverageScore_Mean | E37: Log_P50 | F37: Log_P80
A38: {=SORT(UNIQUE(C5:C34))} -> 2019-02 | B38: =IF(A38="",NA(),MAXIFS($D$5:$D$34,$C$5:$C$34,A38)) -> 0.039744 | C38: =IF(A38="",NA(),MAXIFS($E$5:$E$34,$C$5:$C$34,A38)) -> 0.005646 | D38: =IF(A38="",NA(),AVERAGEIFS($F$5:$F$34,$C$5:$C$34,A38)) -> 0.101046 | E38: =IF(A38="",NA(),LOG10(B38)) -> -1.4007284 | F38: =IF(A38="",NA(),LOG10(C38)) -> -2.2482591
A39: 2020-05 | B39: =IF(A39="",NA(),MAXIFS($D$5:$D$34,$C$5:$C$34,A39)) -> 0.148821 | C39: =IF(A39="",NA(),MAXIFS($E$5:$E$34,$C$5:$C$34,A39)) -> 0.034119 | D39: =IF(A39="",NA(),AVERAGEIFS($F$5:$F$34,$C$5:$C$34,A39)) -> 0.161869 | E39: =IF(A39="",NA(),LOG10(B39)) -> -0.82733578 | F39: =IF(A39="",NA(),LOG10(C39)) -> -1.4670037
A40: 2022-03 | B40: =IF(A40="",NA(),MAXIFS($D$5:$D$34,$C$5:$C$34,A40)) -> 0.604384 | C40: =IF(A40="",NA(),MAXIFS($E$5:$E$34,$C$5:$C$34,A40)) -> 0.173085 | D40: =IF(A40="",NA(),AVERAGEIFS($F$5:$F$34,$C$5:$C$34,A40)) -> 0.214611 | E40: =IF(A40="",NA(),LOG10(B40)) -> -0.21868704 | F40: =IF(A40="",NA(),LOG10(C40)) -> -0.76174057
A41: 2023-03 | B41: =IF(A41="",NA(),MAXIFS($D$5:$D$34,$C$5:$C$34,A41)) -> 5.364045 | C41: =IF(A41="",NA(),MAXIFS($E$5:$E$34,$C$5:$C$34,A41)) -> 0.965175 | D41: =IF(A41="",NA(),AVERAGEIFS($F$5:$F$34,$C$5:$C$34,A41)) -> 0.361067 | E41: =IF(A41="",NA(),LOG10(B41)) -> 0.72949241 | F41: =IF(A41="",NA(),LOG10(C41)) -> -0.015393936
A42: 2023-11 | B42: =IF(A42="",NA(),MAXIFS($D$5:$D$34,$C$5:$C$34,A42)) -> 8.557433 | C42: =IF(A42="",NA(),MAXIFS($E$5:$E$34,$C$5:$C$34,A42)) -> 1.453006 | D42: =IF(A42="",NA(),AVERAGEIFS($F$5:$F$34,$C$5:$C$34,A42)) -> 0.404329 | E42: =IF(A42="",NA(),LOG10(B42)) -> 0.93234351 | F42: =IF(A42="",NA(),LOG10(C42)) -> 0.16226741
A43: 2024-01 | B43: =IF(A43="",NA(),MAXIFS($D$5:$D$34,$C$5:$C$34,A43)) -> 5.366063 | C43: =IF(A43="",NA(),MAXIFS($E$5:$E$34,$C$5:$C$34,A43)) -> 1.197496 | D43: =IF(A43="",NA(),AVERAGEIFS($F$5:$F$34,$C$5:$C$34,A43)) -> 0.351726 | E43: =IF(A43="",NA(),LOG10(B43)) -> 0.72965577 | F43: =IF(A43="",NA(),LOG10(C43)) -> 0.078274071
A44: 2024-03 | B44: =IF(A44="",NA(),MAXIFS($D$5:$D$34,$C$5:$C$34,A44)) -> 6.422825 | C44: =IF(A44="",NA(),MAXIFS($E$5:$E$34,$C$5:$C$34,A44)) -> 1.125572 | D44: =IF(A44="",NA(),AVERAGEIFS($F$5:$F$34,$C$5:$C$34,A44)) -> 0.377459 | E44: =IF(A44="",NA(),LOG10(B44)) -> 0.80772609 | F44: =IF(A44="",NA(),LOG10(C44)) -> 0.051373281
A45: 2024-04 | B45: =IF(A45="",NA(),MAXIFS($D$5:$D$34,$C$5:$C$34,A45)) -> 6.567339 | C45: =IF(A45="",NA(),MAXIFS($E$5:$E$34,$C$5:$C$34,A45)) -> 1.523202 | D45: =IF(A45="",NA(),AVERAGEIFS($F$5:$F$34,$C$5:$C$34,A45)) -> 0.367357 | E45: =IF(A45="",NA(),LOG10(B45)) -> 0.81738943 | F45: =IF(A45="",NA(),LOG10(C45)) -> 0.1827575
A46: 2024-05 | B46: =IF(A46="",NA(),MAXIFS($D$5:$D$34,$C$5:$C$34,A46)) -> 9.17045 | C46: =IF(A46="",NA(),MAXIFS($E$5:$E$34,$C$5:$C$34,A46)) -> 1.689572 | D46: =IF(A46="",NA(),AVERAGEIFS($F$5:$F$34,$C$5:$C$34,A46)) -> 0.407636 | E46: =IF(A46="",NA(),LOG10(B46)) -> 0.96239065 | F46: =IF(A46="",NA(),LOG10(C46)) -> 0.2277767
A47: 2024-06 | B47: =IF(A47="",NA(),MAXIFS($D$5:$D$34,$C$5:$C$34,A47)) -> 18.216831 | C47: =IF(A47="",NA(),MAXIFS($E$5:$E$34,$C$5:$C$34,A47)) -> 3.19928 | D47: =IF(A47="",NA(),AVERAGEIFS($F$5:$F$34,$C$5:$C$34,A47)) -> 0.387898 | E47: =IF(A47="",NA(),LOG10(B47)) -> 1.2604728 | F47: =IF(A47="",NA(),LOG10(C47)) -> 0.50505225
A48: 2024-09 | B48: =IF(A48="",NA(),MAXIFS($D$5:$D$34,$C$5:$C$34,A48)) -> 22.095267 | C48: =IF(A48="",NA(),MAXIFS($E$5:$E$34,$C$5:$C$34,A48)) -> 4.61942 | D48: =IF(A48="",NA(),AVERAGEIFS($F$5:$F$34,$C$5:$C$34,A48)) -> 0.425363 | E48: =IF(A48="",NA(),LOG10(B48)) -> 1.3442993 | F48: =IF(A48="",NA(),LOG10(C48)) -> 0.66458745
A49: 2024-10 | B49: =IF(A49="",NA(),MAXIFS($D$5:$D$34,$C$5:$C$34,A49)) -> 28.983512 | C49: =IF(A49="",NA(),MAXIFS($E$5:$E$34,$C$5:$C$34,A49)) -> 4.640773 | D49: =IF(A49="",NA(),AVERAGEIFS($F$5:$F$34,$C$5:$C$34,A49)) -> 0.52701 | E49: =IF(A49="",NA(),LOG10(B49)) -> 1.462151 | F49: =IF(A49="",NA(),LOG10(C49)) -> 0.66659033
A50: 2024-12 | B50: =IF(A50="",NA(),MAXIFS($D$5:$D$34,$C$5:$C$34,A50)) -> 39.206576 | C50: =IF(A50="",NA(),MAXIFS($E$5:$E$34,$C$5:$C$34,A50)) -> 5.973358 | D50: =IF(A50="",NA(),AVERAGEIFS($F$5:$F$34,$C$5:$C$34,A50)) -> 0.5164735 | E50: =IF(A50="",NA(),LOG10(B50)) -> 1.5933589 | F50: =IF(A50="",NA(),LOG10(C50)) -> 0.77621854
... A59: 2025-09 | B59: =IF(A59="",NA(),MAXIFS($D$5:$D$34,$C$5:$C$34,A59)) -> 113.30376 | C59: =IF(A59="",NA(),MAXIFS($E$5:$E$34,$C$5:$C$34,A59)) -> 20.151826 | D59: =IF(A59="",NA(),AVERAGEIFS($F$5:$F$34,$C$5:$C$34,A59)) -> 0.673842 | E59: =IF(A59="",NA(),LOG10(B59)) -> 2.0542443 | F59: =IF(A59="",NA(),LOG10(C59)) -> 1.3043144

Sheet SCREEN_TIME_USAGE_HOURS
A1: Year | B1: Social Media Hours Per Day (Teens) | C1: Total Screen Time Hours Per Day (Teens) | D1: Data Source | E1: Confidence
A2: 2009 | B2: ~0.5-1.0 | C2: ~4.5-5 | D2: Common Sense Media reports (early social media adoption era); AAP reports (2013 retrospective) | E2: MEDIUM - Estimated from early reports
A3: 2011 | B3: ~1.0-1.5 | C3: ~5.0-5.5 | D3: Nielsen Company reports; AAP media tracking; Pew texting/phone data | E3: MEDIUM - Extrapolated from texting/phone use
A4: 2013 | B4: ~1.5-2.0 | C4: ~6.0-6.5 | D4: Common Sense Media 2015 retrospective data; Early media tracking reports | E4: MEDIUM - Interpolated
A5: 2015 | B5: ~2.0-2.5 | C5: ~6 hours 40 minutes | D5: Common Sense Media 2015 survey data explicitly cited in CDC/AAP reports | E5: HIGH - Direct measurement
A6: 2017 | B6: ~2.5-3.0 | C6: ~7 hours | D6: Common Sense Media ongoing tracking; Canadian OSDUHS showed teens spending 5+ hours on social media at 20% | E6: MEDIUM-HIGH - Trend data
A7: 2019 | B7: ~3.0-3.5 | C7: ~7 hours 22 minutes | D7: Common Sense Media 2019 data; AAP reports noting 69% watching videos daily for 56-59 min | E7: HIGH - Multiple sources
A8: 2021 | B8: ~3.5-4.0 | C8: ~8 hours 39 minutes | D8: CDC NHIS data; COVID-19 pandemic peak; Remote learning effect documented | E8: HIGHEST - Official CDC data
A9: 2023 | B9: ~4.0-4.8 | C9: ~7 hours (recovery) | D9: Gallup 2023 survey: 4.8 hours social media (YouTube 1.9 hrs, TikTok 1.5 hrs); CDC NHIS data | E9: HIGHEST - Latest official data

Sheet All Categories (Named)
A1: Year | B1: Discrimination & Fairness | C1: Privacy & Security | D1: Misinformation | E1: Malicious Actor Use | F1: Human–Computer Interaction | G1: Socio-Economic Impact | H1: AI System Safety | I1: Total
A2: 2016 | B2: 2 | C2: 2 | D2: 3 | E2: 3 | F2: 1 | G2: 1 | H2: 5 | I2: 17
A3: 2017 | B3: 3 | C3: 3 | D3: 4 | E3: 4 | F3: 2 | G3: 2 | H3: 8 | I3: 26
A4: 2018 | B4: 5 | C4: 4 | D4: 5 | E4: 5 | F4: 3 | G4: 3 | H4: 12 | I4: 37
A5: 2019 | B5: 6 | C5: 5 | D5: 6 | E5: 6 | F5: 4 | G5: 4 | H5: 17 | I5: 48
A6: 2020 | B6: 7 | C6: 6 | D6: 8 | E6: 7 | F6: 5 | G6: 5 | H6: 23 | I6: 61
A7: 2021 | B7: 14 | C7: 10 | D7: 15 | E7: 13 | F7: 8 | G7: 7 | H7: 44 | I7: 111
A8: 2022 | B8: 19 | C8: 14 | D8: 22 | E8: 25 | F8: 12 | G8: 9 | H8: 59 | I8: 160
A9: 2023 | B9: 27 | C9: 21 | D9: 33 | E9: 42 | F9: 17 | G9: 14 | H9: 68 | I9: 222
A10: 2024 | B10: 34 | C10: 26 | D10: 46 | E10: 65 | F10: 23 | G10: 19 | H10: 86 | I10: 299
A11: 2025 | B11: 39 | C11: 31 | D11: 54 | E11: 88 | F11: 28 | G11: 24 | H11: 90 | I11: 354
A16: Source: | B16: https://airisk.mit.edu/ai-incident-tracker
A19: ( Below is a derivative from above sheet )
A21: Year | B21: Total (All) | C21: Total (Non-Malicious) | D21: Total (Malicious Actor Use only)
A22: 2016 | B22: 17 | C22: 14 | D22: 3
A23: 2017 | B23: 26 | C23: 22 | D23: 4
A24: 2018 | B24: 37 | C24: 32 | D24: 5
A25: 2019 | B25: 48 | C25: 42 | D25: 6
A26: 2020 | B26: 61 | C26: 54 | D26: 7
A27: 2021 | B27: 111 | C27: 98 | D27: 13
A28: 2022 | B28: 160 | C28: 135 | D28: 25
A29: 2023 | B29: 222 | C29: 180 | D29: 42
A30: 2024 | B30: 299 | C30: 234 | D30: 65
A31: 2025 | B31: 354 | C31: 266 | D31: 88
